-- Sample customers
INSERT INTO customers (id, name, email, phone, version, created_at, updated_at) VALUES
    ('01966c3a-0000-7000-8000-000000000001', 'Jane Smith', 'jane.smith@example.com', '555-0101', 0, CURRENT_TIMESTAMP, CURRENT_TIMESTAMP),
    ('01966c3a-0000-7000-8000-000000000002', 'Bob Johnson', 'bob.johnson@example.com', '555-0102', 0, CURRENT_TIMESTAMP, CURRENT_TIMESTAMP),
    ('01966c3a-0000-7000-8000-000000000003', 'Alice Williams', 'alice.williams@example.com', NULL, 0, CURRENT_TIMESTAMP, CURRENT_TIMESTAMP);

-- Repair orders
INSERT INTO repair_orders (id, description, status, vehicle_make, vehicle_model, vehicle_year, license_plate, customer_id, version, created_at, updated_at) VALUES
    ('01966c3a-1000-7000-8000-000000000001', 'Oil change and tire rotation', 'COMPLETED', 'Toyota', 'Camry', 2021, 'ABC-1234', '01966c3a-0000-7000-8000-000000000001', 0, CURRENT_TIMESTAMP, CURRENT_TIMESTAMP),
    ('01966c3a-1000-7000-8000-000000000002', 'Brake pad replacement', 'IN_PROGRESS', 'Honda', 'Civic', 2019, 'XYZ-5678', '01966c3a-0000-7000-8000-000000000001', 0, CURRENT_TIMESTAMP, CURRENT_TIMESTAMP),
    ('01966c3a-1000-7000-8000-000000000003', 'Engine diagnostic and tune-up', 'PENDING', 'Ford', 'F-150', 2023, 'DEF-9012', '01966c3a-0000-7000-8000-000000000002', 0, CURRENT_TIMESTAMP, CURRENT_TIMESTAMP),
    ('01966c3a-1000-7000-8000-000000000004', 'Transmission fluid flush', 'PENDING', 'Chevrolet', 'Malibu', 2020, NULL, '01966c3a-0000-7000-8000-000000000003', 0, CURRENT_TIMESTAMP, CURRENT_TIMESTAMP);

-- Line items
INSERT INTO line_items (id, description, unit_price, repair_order_id, version, created_at, updated_at) VALUES
    ('01966c3a-2000-7000-8000-000000000001', 'Synthetic motor oil (5W-30)', 45.99, '01966c3a-1000-7000-8000-000000000001', 0, CURRENT_TIMESTAMP, CURRENT_TIMESTAMP),
    ('01966c3a-2000-7000-8000-000000000002', 'Oil filter', 12.50, '01966c3a-1000-7000-8000-000000000001', 0, CURRENT_TIMESTAMP, CURRENT_TIMESTAMP),
    ('01966c3a-2000-7000-8000-000000000003', 'Tire rotation service', 35.00, '01966c3a-1000-7000-8000-000000000001', 0, CURRENT_TIMESTAMP, CURRENT_TIMESTAMP),
    ('01966c3a-2000-7000-8000-000000000004', 'Front brake pads (ceramic)', 89.99, '01966c3a-1000-7000-8000-000000000002', 0, CURRENT_TIMESTAMP, CURRENT_TIMESTAMP),
    ('01966c3a-2000-7000-8000-000000000005', 'Brake rotor resurfacing', 60.00, '01966c3a-1000-7000-8000-000000000002', 0, CURRENT_TIMESTAMP, CURRENT_TIMESTAMP),
    ('01966c3a-2000-7000-8000-000000000006', 'Labor - brake service (2 hrs)', 150.00, '01966c3a-1000-7000-8000-000000000002', 0, CURRENT_TIMESTAMP, CURRENT_TIMESTAMP),
    ('01966c3a-2000-7000-8000-000000000007', 'Engine diagnostic scan', 75.00, '01966c3a-1000-7000-8000-000000000003', 0, CURRENT_TIMESTAMP, CURRENT_TIMESTAMP),
    ('01966c3a-2000-7000-8000-000000000008', 'Spark plugs (set of 8)', 64.00, '01966c3a-1000-7000-8000-000000000003', 0, CURRENT_TIMESTAMP, CURRENT_TIMESTAMP);
