INSERT INTO customer (id, name, phone_number) VALUES
    ('00000000-0000-0000-0000-000000000001', 'John Smith', '(555) 867-5309'),
    ('00000000-0000-0000-0000-000000000002', 'Jane Doe', '(555) 123-4567'),
    ('00000000-0000-0000-0000-000000000003', 'Bob Johnson', '(555) 999-8888');

INSERT INTO vehicle (id, vin, customer_id) VALUES
    ('00000000-0000-0000-0000-000000000011', 'JH4KA8260MC000001', '00000000-0000-0000-0000-000000000001'),
    ('00000000-0000-0000-0000-000000000012', 'JH4KA8260MC000002', '00000000-0000-0000-0000-000000000001'),
    ('00000000-0000-0000-0000-000000000013', 'JH4KA8260MC000003', '00000000-0000-0000-0000-000000000002');

INSERT INTO work_order (id, customer_id, vehicle_id, scheduled_start_date_time) VALUES
    ('00000000-0000-0000-0000-000000000021', '00000000-0000-0000-0000-000000000001', '00000000-0000-0000-0000-000000000011', '2026-03-10 09:00:00'),
    ('00000000-0000-0000-0000-000000000022', '00000000-0000-0000-0000-000000000002', '00000000-0000-0000-0000-000000000013', '2026-03-11 14:00:00');

INSERT INTO part_line_item (id, work_order_id, name, quantity, part_number) VALUES
    ('00000000-0000-0000-0000-000000000031', '00000000-0000-0000-0000-000000000021', 'Oil Filter', 1, '00000000-0000-0000-0000-000000000101'),
    ('00000000-0000-0000-0000-000000000032', '00000000-0000-0000-0000-000000000021', 'Synthetic Oil 5W-30', 5, '00000000-0000-0000-0000-000000000102'),
    ('00000000-0000-0000-0000-000000000033', '00000000-0000-0000-0000-000000000022', 'Brake Pads (Front)', 2, '00000000-0000-0000-0000-000000000103');

INSERT INTO labor_line_item (id, work_order_id, name, quantity, service_code) VALUES
    ('00000000-0000-0000-0000-000000000041', '00000000-0000-0000-0000-000000000021', 'Oil Change', 1, '00000000-0000-0000-0000-000000000201'),
    ('00000000-0000-0000-0000-000000000042', '00000000-0000-0000-0000-000000000022', 'Brake Pad Replacement', 2, '00000000-0000-0000-0000-000000000202');
